{
    "total_results": 10000,
    "page": 1,
    "per_page": 15,
    "photos": [
        {
            "id": 6992,
            "width": 4928,
            "height": 3264,
            "url": "https://www.pexels.com/photo/dark-fog-forest-haze-6992/",
            "photographer": "Snapwire",
            "photographer_url": "https://www.pexels.com/@snapwire",
            "photographer_id": 2671,
            "src": {
                "original": "https://images.pexels.com/photos/6992/forest-trees-northwestisbest-exploress.jpg",
                "large2x": "https://images.pexels.com/photos/6992/forest-trees-northwestisbest-exploress.jpg?auto=compress&cs=tinysrgb&dpr=2&h=650&w=940",
                "large": "https://images.pexels.com/photos/6992/forest-trees-northwestisbest-exploress.jpg?auto=compress&cs=tinysrgb&h=650&w=940",
                "medium": "https://images.pexels.com/photos/6992/forest-trees-northwestisbest-exploress.jpg?auto=compress&cs=tinysrgb&h=350",
                "small": "https://images.pexels.com/photos/6992/forest-trees-northwestisbest-exploress.jpg?auto=compress&cs=tinysrgb&h=130",
                "portrait": "https://images.pexels.com/photos/6992/forest-trees-northwestisbest-exploress.jpg?auto=compress&cs=tinysrgb&fit=crop&h=1200&w=800",
                "landscape": "https://images.pexels.com/photos/6992/forest-trees-northwestisbest-exploress.jpg?auto=compress&cs=tinysrgb&fit=crop&h=627&w=1200",
                "tiny": "https://images.pexels.com/photos/6992/forest-trees-northwestisbest-exploress.jpg?auto=compress&cs=tinysrgb&dpr=1&fit=crop&h=200&w=280"
            },
            "liked": false
        },
        {
            "id": 2387793,
            "width": 6000,
            "height": 4000,
            "url": "https://www.pexels.com/photo/black-sand-dunes-2387793/",
            "photographer": "Adrien Olichon",
            "photographer_url": "https://www.pexels.com/@adrien-olichon-1257089",
            "photographer_id": 1257089,
            "src": {
                "original": "https://images.pexels.com/photos/2387793/pexels-photo-2387793.jpeg",
                "large2x": "https://images.pexels.com/photos/2387793/pexels-photo-2387793.jpeg?auto=compress&cs=tinysrgb&dpr=2&h=650&w=940",
                "large": "https://images.pexels.com/photos/2387793/pexels-photo-2387793.jpeg?auto=compress&cs=tinysrgb&h=650&w=940",
                "medium": "https://images.pexels.com/photos/2387793/pexels-photo-2387793.jpeg?auto=compress&cs=tinysrgb&h=350",
                "small": "https://images.pexels.com/photos/2387793/pexels-photo-2387793.jpeg?auto=compress&cs=tinysrgb&h=130",
                "portrait": "https://images.pexels.com/photos/2387793/pexels-photo-2387793.jpeg?auto=compress&cs=tinysrgb&fit=crop&h=1200&w=800",
                "landscape": "https://images.pexels.com/photos/2387793/pexels-photo-2387793.jpeg?auto=compress&cs=tinysrgb&fit=crop&h=627&w=1200",
                "tiny": "https://images.pexels.com/photos/2387793/pexels-photo-2387793.jpeg?auto=compress&cs=tinysrgb&dpr=1&fit=crop&h=200&w=280"
            },
            "liked": false
        },
        {
            "id": 3363341,
            "width": 2500,
            "height": 3125,
            "url": "https://www.pexels.com/photo/photo-of-wooden-house-in-forest-3363341/",
            "photographer": "Zack Melhus",
            "photographer_url": "https://www.pexels.com/@zmelhus",
            "photographer_id": 1787606,
            "src": {
                "original": "https://images.pexels.com/photos/3363341/pexels-photo-3363341.jpeg",
                "large2x": "https://images.pexels.com/photos/3363341/pexels-photo-3363341.jpeg?auto=compress&cs=tinysrgb&dpr=2&h=650&w=940",
                "large": "https://images.pexels.com/photos/3363341/pexels-photo-3363341.jpeg?auto=compress&cs=tinysrgb&h=650&w=940",
                "medium": "https://images.pexels.com/photos/3363341/pexels-photo-3363341.jpeg?auto=compress&cs=tinysrgb&h=350",
                "small": "https://images.pexels.com/photos/3363341/pexels-photo-3363341.jpeg?auto=compress&cs=tinysrgb&h=130",
                "portrait": "https://images.pexels.com/photos/3363341/pexels-photo-3363341.jpeg?auto=compress&cs=tinysrgb&fit=crop&h=1200&w=800",
                "landscape": "https://images.pexels.com/photos/3363341/pexels-photo-3363341.jpeg?auto=compress&cs=tinysrgb&fit=crop&h=627&w=1200",
                "tiny": "https://images.pexels.com/photos/3363341/pexels-photo-3363341.jpeg?auto=compress&cs=tinysrgb&dpr=1&fit=crop&h=200&w=280"
            },
            "liked": false
        },
        {
            "id": 2422915,
            "width": 5472,
            "height": 3648,
            "url": "https://www.pexels.com/photo/photo-of-pod-of-dolphins-2422915/",
            "photographer": "Jeremy Bishop",
            "photographer_url": "https://www.pexels.com/@jeremy-bishop-1260133",
            "photographer_id": 1260133,
            "src": {
                "original": "https://images.pexels.com/photos/2422915/pexels-photo-2422915.jpeg",
                "large2x": "https://images.pexels.com/photos/2422915/pexels-photo-2422915.jpeg?auto=compress&cs=tinysrgb&dpr=2&h=650&w=940",
                "large": "https://images.pexels.com/photos/2422915/pexels-photo-2422915.jpeg?auto=compress&cs=tinysrgb&h=650&w=940",
                "medium": "https://images.pexels.com/photos/2422915/pexels-photo-2422915.jpeg?auto=compress&cs=tinysrgb&h=350",
                "small": "https://images.pexels.com/photos/2422915/pexels-photo-2422915.jpeg?auto=compress&cs=tinysrgb&h=130",
                "portrait": "https://images.pexels.com/photos/2422915/pexels-photo-2422915.jpeg?auto=compress&cs=tinysrgb&fit=crop&h=1200&w=800",
                "landscape": "https://images.pexels.com/photos/2422915/pexels-photo-2422915.jpeg?auto=compress&cs=tinysrgb&fit=crop&h=627&w=1200",
                "tiny": "https://images.pexels.com/photos/2422915/pexels-photo-2422915.jpeg?auto=compress&cs=tinysrgb&dpr=1&fit=crop&h=200&w=280"
            },
            "liked": false
        },
        {
            "id": 2754200,
            "width": 2401,
            "height": 3598,
            "url": "https://www.pexels.com/photo/green-trees-near-rock-formation-2754200/",
            "photographer": "Todd Trapani",
            "photographer_url": "https://www.pexels.com/@todd-trapani-488382",
            "photographer_id": 488382,
            "src": {
                "original": "https://images.pexels.com/photos/2754200/pexels-photo-2754200.jpeg",
                "large2x": "https://images.pexels.com/photos/2754200/pexels-photo-2754200.jpeg?auto=compress&cs=tinysrgb&dpr=2&h=650&w=940",
                "large": "https://images.pexels.com/photos/2754200/pexels-photo-2754200.jpeg?auto=compress&cs=tinysrgb&h=650&w=940",
                "medium": "https://images.pexels.com/photos/2754200/pexels-photo-2754200.jpeg?auto=compress&cs=tinysrgb&h=350",
                "small": "https://images.pexels.com/photos/2754200/pexels-photo-2754200.jpeg?auto=compress&cs=tinysrgb&h=130",
                "portrait": "https://images.pexels.com/photos/2754200/pexels-photo-2754200.jpeg?auto=compress&cs=tinysrgb&fit=crop&h=1200&w=800",
                "landscape": "https://images.pexels.com/photos/2754200/pexels-photo-2754200.jpeg?auto=compress&cs=tinysrgb&fit=crop&h=627&w=1200",
                "tiny": "https://images.pexels.com/photos/2754200/pexels-photo-2754200.jpeg?auto=compress&cs=tinysrgb&dpr=1&fit=crop&h=200&w=280"
            },
            "liked": false
        },
        {
            "id": 994605,
            "width": 2726,
            "height": 2047,
            "url": "https://www.pexels.com/photo/seaside-994605/",
            "photographer": "Fabian Wiktor",
            "photographer_url": "https://www.pexels.com/@fabianwiktor",
            "photographer_id": 369193,
            "src": {
                "original": "https://images.pexels.com/photos/994605/pexels-photo-994605.jpeg",
                "large2x": "https://images.pexels.com/photos/994605/pexels-photo-994605.jpeg?auto=compress&cs=tinysrgb&dpr=2&h=650&w=940",
                "large": "https://images.pexels.com/photos/994605/pexels-photo-994605.jpeg?auto=compress&cs=tinysrgb&h=650&w=940",
                "medium": "https://images.pexels.com/photos/994605/pexels-photo-994605.jpeg?auto=compress&cs=tinysrgb&h=350",
                "small": "https://images.pexels.com/photos/994605/pexels-photo-994605.jpeg?auto=compress&cs=tinysrgb&h=130",
                "portrait": "https://images.pexels.com/photos/994605/pexels-photo-994605.jpeg?auto=compress&cs=tinysrgb&fit=crop&h=1200&w=800",
                "landscape": "https://images.pexels.com/photos/994605/pexels-photo-994605.jpeg?auto=compress&cs=tinysrgb&fit=crop&h=627&w=1200",
                "tiny": "https://images.pexels.com/photos/994605/pexels-photo-994605.jpeg?auto=compress&cs=tinysrgb&dpr=1&fit=crop&h=200&w=280"
            },
            "liked": false
        },
        {
            "id": 3331094,
            "width": 2992,
            "height": 3992,
            "url": "https://www.pexels.com/photo/aerial-photo-of-big-sea-wave-3331094/",
            "photographer": "Max Ravier",
            "photographer_url": "https://www.pexels.com/@maxravier",
            "photographer_id": 1183810,
            "src": {
                "original": "https://images.pexels.com/photos/3331094/pexels-photo-3331094.jpeg",
                "large2x": "https://images.pexels.com/photos/3331094/pexels-photo-3331094.jpeg?auto=compress&cs=tinysrgb&dpr=2&h=650&w=940",
                "large": "https://images.pexels.com/photos/3331094/pexels-photo-3331094.jpeg?auto=compress&cs=tinysrgb&h=650&w=940",
                "medium": "https://images.pexels.com/photos/3331094/pexels-photo-3331094.jpeg?auto=compress&cs=tinysrgb&h=350",
                "small": "https://images.pexels.com/photos/3331094/pexels-photo-3331094.jpeg?auto=compress&cs=tinysrgb&h=130",
                "portrait": "https://images.pexels.com/photos/3331094/pexels-photo-3331094.jpeg?auto=compress&cs=tinysrgb&fit=crop&h=1200&w=800",
                "landscape": "https://images.pexels.com/photos/3331094/pexels-photo-3331094.jpeg?auto=compress&cs=tinysrgb&fit=crop&h=627&w=1200",
                "tiny": "https://images.pexels.com/photos/3331094/pexels-photo-3331094.jpeg?auto=compress&cs=tinysrgb&dpr=1&fit=crop&h=200&w=280"
            },
            "liked": false
        },
        {
            "id": 3690511,
            "width": 3611,
            "height": 4514,
            "url": "https://www.pexels.com/photo/photo-of-deer-on-snow-3690511/",
            "photographer": "Louis",
            "photographer_url": "https://www.pexels.com/@louis-965146",
            "photographer_id": 965146,
            "src": {
                "original": "https://images.pexels.com/photos/3690511/pexels-photo-3690511.jpeg",
                "large2x": "https://images.pexels.com/photos/3690511/pexels-photo-3690511.jpeg?auto=compress&cs=tinysrgb&dpr=2&h=650&w=940",
                "large": "https://images.pexels.com/photos/3690511/pexels-photo-3690511.jpeg?auto=compress&cs=tinysrgb&h=650&w=940",
                "medium": "https://images.pexels.com/photos/3690511/pexels-photo-3690511.jpeg?auto=compress&cs=tinysrgb&h=350",
                "small": "https://images.pexels.com/photos/3690511/pexels-photo-3690511.jpeg?auto=compress&cs=tinysrgb&h=130",
                "portrait": "https://images.pexels.com/photos/3690511/pexels-photo-3690511.jpeg?auto=compress&cs=tinysrgb&fit=crop&h=1200&w=800",
                "landscape": "https://images.pexels.com/photos/3690511/pexels-photo-3690511.jpeg?auto=compress&cs=tinysrgb&fit=crop&h=627&w=1200",
                "tiny": "https://images.pexels.com/photos/3690511/pexels-photo-3690511.jpeg?auto=compress&cs=tinysrgb&dpr=1&fit=crop&h=200&w=280"
            },
            "liked": false
        },
        {
            "id": 3031075,
            "width": 3686,
            "height": 4607,
            "url": "https://www.pexels.com/photo/grey-cliff-beside-ocean-3031075/",
            "photographer": "Simon Clayton",
            "photographer_url": "https://www.pexels.com/@sglc",
            "photographer_id": 790423,
            "src": {
                "original": "https://images.pexels.com/photos/3031075/pexels-photo-3031075.jpeg",
                "large2x": "https://images.pexels.com/photos/3031075/pexels-photo-3031075.jpeg?auto=compress&cs=tinysrgb&dpr=2&h=650&w=940",
                "large": "https://images.pexels.com/photos/3031075/pexels-photo-3031075.jpeg?auto=compress&cs=tinysrgb&h=650&w=940",
                "medium": "https://images.pexels.com/photos/3031075/pexels-photo-3031075.jpeg?auto=compress&cs=tinysrgb&h=350",
                "small": "https://images.pexels.com/photos/3031075/pexels-photo-3031075.jpeg?auto=compress&cs=tinysrgb&h=130",
                "portrait": "https://images.pexels.com/photos/3031075/pexels-photo-3031075.jpeg?auto=compress&cs=tinysrgb&fit=crop&h=1200&w=800",
                "landscape": "https://images.pexels.com/photos/3031075/pexels-photo-3031075.jpeg?auto=compress&cs=tinysrgb&fit=crop&h=627&w=1200",
                "tiny": "https://images.pexels.com/photos/3031075/pexels-photo-3031075.jpeg?auto=compress&cs=tinysrgb&dpr=1&fit=crop&h=200&w=280"
            },
            "liked": false
        },
        {
            "id": 3375116,
            "width": 2720,
            "height": 3401,
            "url": "https://www.pexels.com/photo/bird-s-eye-view-of-island-3375116/",
            "photographer": "Nick Wehrli",
            "photographer_url": "https://www.pexels.com/@oidonnyboy",
            "photographer_id": 1803654,
            "src": {
                "original": "https://images.pexels.com/photos/3375116/pexels-photo-3375116.jpeg",
                "large2x": "https://images.pexels.com/photos/3375116/pexels-photo-3375116.jpeg?auto=compress&cs=tinysrgb&dpr=2&h=650&w=940",
                "large": "https://images.pexels.com/photos/3375116/pexels-photo-3375116.jpeg?auto=compress&cs=tinysrgb&h=650&w=940",
                "medium": "https://images.pexels.com/photos/3375116/pexels-photo-3375116.jpeg?auto=compress&cs=tinysrgb&h=350",
                "small": "https://images.pexels.com/photos/3375116/pexels-photo-3375116.jpeg?auto=compress&cs=tinysrgb&h=130",
                "portrait": "https://images.pexels.com/photos/3375116/pexels-photo-3375116.jpeg?auto=compress&cs=tinysrgb&fit=crop&h=1200&w=800",
                "landscape": "https://images.pexels.com/photos/3375116/pexels-photo-3375116.jpeg?auto=compress&cs=tinysrgb&fit=crop&h=627&w=1200",
                "tiny": "https://images.pexels.com/photos/3375116/pexels-photo-3375116.jpeg?auto=compress&cs=tinysrgb&dpr=1&fit=crop&h=200&w=280"
            },
            "liked": false
        },
        {
            "id": 3560044,
            "width": 3648,
            "height": 5107,
            "url": "https://www.pexels.com/photo/white-clouds-3560044/",
            "photographer": "Ruvim",
            "photographer_url": "https://www.pexels.com/@ruvim-1807011",
            "photographer_id": 1807011,
            "src": {
                "original": "https://images.pexels.com/photos/3560044/pexels-photo-3560044.jpeg",
                "large2x": "https://images.pexels.com/photos/3560044/pexels-photo-3560044.jpeg?auto=compress&cs=tinysrgb&dpr=2&h=650&w=940",
                "large": "https://images.pexels.com/photos/3560044/pexels-photo-3560044.jpeg?auto=compress&cs=tinysrgb&h=650&w=940",
                "medium": "https://images.pexels.com/photos/3560044/pexels-photo-3560044.jpeg?auto=compress&cs=tinysrgb&h=350",
                "small": "https://images.pexels.com/photos/3560044/pexels-photo-3560044.jpeg?auto=compress&cs=tinysrgb&h=130",
                "portrait": "https://images.pexels.com/photos/3560044/pexels-photo-3560044.jpeg?auto=compress&cs=tinysrgb&fit=crop&h=1200&w=800",
                "landscape": "https://images.pexels.com/photos/3560044/pexels-photo-3560044.jpeg?auto=compress&cs=tinysrgb&fit=crop&h=627&w=1200",
                "tiny": "https://images.pexels.com/photos/3560044/pexels-photo-3560044.jpeg?auto=compress&cs=tinysrgb&dpr=1&fit=crop&h=200&w=280"
            },
            "liked": false
        },
        {
            "id": 3573351,
            "width": 3066,
            "height": 3968,
            "url": "https://www.pexels.com/photo/trees-during-day-3573351/",
            "photographer": "Lukas Rodriguez",
            "photographer_url": "https://www.pexels.com/@lukas-rodriguez-1845331",
            "photographer_id": 1845331,
            "src": {
                "original": "https://images.pexels.com/photos/3573351/pexels-photo-3573351.png",
                "large2x": "https://images.pexels.com/photos/3573351/pexels-photo-3573351.png?auto=compress&cs=tinysrgb&dpr=2&h=650&w=940",
                "large": "https://images.pexels.com/photos/3573351/pexels-photo-3573351.png?auto=compress&cs=tinysrgb&h=650&w=940",
                "medium": "https://images.pexels.com/photos/3573351/pexels-photo-3573351.png?auto=compress&cs=tinysrgb&h=350",
                "small": "https://images.pexels.com/photos/3573351/pexels-photo-3573351.png?auto=compress&cs=tinysrgb&h=130",
                "portrait": "https://images.pexels.com/photos/3573351/pexels-photo-3573351.png?auto=compress&cs=tinysrgb&fit=crop&h=1200&w=800",
                "landscape": "https://images.pexels.com/photos/3573351/pexels-photo-3573351.png?auto=compress&cs=tinysrgb&fit=crop&h=627&w=1200",
                "tiny": "https://images.pexels.com/photos/3573351/pexels-photo-3573351.png?auto=compress&cs=tinysrgb&dpr=1&fit=crop&h=200&w=280"
            },
            "liked": false
        },
        {
            "id": 807598,
            "width": 4128,
            "height": 3096,
            "url": "https://www.pexels.com/photo/close-up-photography-of-leaves-with-droplets-807598/",
            "photographer": "sohail na",
            "photographer_url": "https://www.pexels.com/@sohail-na-266917",
            "photographer_id": 266917,
            "src": {
                "original": "https://images.pexels.com/photos/807598/pexels-photo-807598.jpeg",
                "large2x": "https://images.pexels.com/photos/807598/pexels-photo-807598.jpeg?auto=compress&cs=tinysrgb&dpr=2&h=650&w=940",
                "large": "https://images.pexels.com/photos/807598/pexels-photo-807598.jpeg?auto=compress&cs=tinysrgb&h=650&w=940",
                "medium": "https://images.pexels.com/photos/807598/pexels-photo-807598.jpeg?auto=compress&cs=tinysrgb&h=350",
                "small": "https://images.pexels.com/photos/807598/pexels-photo-807598.jpeg?auto=compress&cs=tinysrgb&h=130",
                "portrait": "https://images.pexels.com/photos/807598/pexels-photo-807598.jpeg?auto=compress&cs=tinysrgb&fit=crop&h=1200&w=800",
                "landscape": "https://images.pexels.com/photos/807598/pexels-photo-807598.jpeg?auto=compress&cs=tinysrgb&fit=crop&h=627&w=1200",
                "tiny": "https://images.pexels.com/photos/807598/pexels-photo-807598.jpeg?auto=compress&cs=tinysrgb&dpr=1&fit=crop&h=200&w=280"
            },
            "liked": false
        },
        {
            "id": 1144687,
            "width": 2936,
            "height": 3916,
            "url": "https://www.pexels.com/photo/green-leafed-trees-1144687/",
            "photographer": "Matheus Bertelli",
            "photographer_url": "https://www.pexels.com/@bertellifotografia",
            "photographer_id": 177895,
            "src": {
                "original": "https://images.pexels.com/photos/1144687/pexels-photo-1144687.jpeg",
                "large2x": "https://images.pexels.com/photos/1144687/pexels-photo-1144687.jpeg?auto=compress&cs=tinysrgb&dpr=2&h=650&w=940",
                "large": "https://images.pexels.com/photos/1144687/pexels-photo-1144687.jpeg?auto=compress&cs=tinysrgb&h=650&w=940",
                "medium": "https://images.pexels.com/photos/1144687/pexels-photo-1144687.jpeg?auto=compress&cs=tinysrgb&h=350",
                "small": "https://images.pexels.com/photos/1144687/pexels-photo-1144687.jpeg?auto=compress&cs=tinysrgb&h=130",
                "portrait": "https://images.pexels.com/photos/1144687/pexels-photo-1144687.jpeg?auto=compress&cs=tinysrgb&fit=crop&h=1200&w=800",
                "landscape": "https://images.pexels.com/photos/1144687/pexels-photo-1144687.jpeg?auto=compress&cs=tinysrgb&fit=crop&h=627&w=1200",
                "tiny": "https://images.pexels.com/photos/1144687/pexels-photo-1144687.jpeg?auto=compress&cs=tinysrgb&dpr=1&fit=crop&h=200&w=280"
            },
            "liked": false
        },
        {
            "id": 1687678,
            "width": 2832,
            "height": 2832,
            "url": "https://www.pexels.com/photo/close-up-photo-of-small-jellyfish-1687678/",
            "photographer": "Valdemaras D.",
            "photographer_url": "https://www.pexels.com/@valdemaras-d-784301",
            "photographer_id": 784301,
            "src": {
                "original": "https://images.pexels.com/photos/1687678/pexels-photo-1687678.jpeg",
                "large2x": "https://images.pexels.com/photos/1687678/pexels-photo-1687678.jpeg?auto=compress&cs=tinysrgb&dpr=2&h=650&w=940",
                "large": "https://images.pexels.com/photos/1687678/pexels-photo-1687678.jpeg?auto=compress&cs=tinysrgb&h=650&w=940",
                "medium": "https://images.pexels.com/photos/1687678/pexels-photo-1687678.jpeg?auto=compress&cs=tinysrgb&h=350",
                "small": "https://images.pexels.com/photos/1687678/pexels-photo-1687678.jpeg?auto=compress&cs=tinysrgb&h=130",
                "portrait": "https://images.pexels.com/photos/1687678/pexels-photo-1687678.jpeg?auto=compress&cs=tinysrgb&fit=crop&h=1200&w=800",
                "landscape": "https://images.pexels.com/photos/1687678/pexels-photo-1687678.jpeg?auto=compress&cs=tinysrgb&fit=crop&h=627&w=1200",
                "tiny": "https://images.pexels.com/photos/1687678/pexels-photo-1687678.jpeg?auto=compress&cs=tinysrgb&dpr=1&fit=crop&h=200&w=280"
            },
            "liked": false
        }
    ],
    "next_page": "https://api.pexels.com/v1/search/?page=2&per_page=15&query=nature"
}